{
  "timestamp": "2026-07-08T01:01:03.400Z",
  "node": "v25.2.1",
  "provider": "Agnes (agnes-2.0-flash)",
  "results": {
    "coldStart": {
      "median": 2101.9076,
      "p95": 2492.559800000001,
      "samples": [
        2442.129,
        2101.9076,
        1925.4861999999994,
        2051.7135,
        2492.559800000001
      ]
    },
    "firstChunk": {
      "median": 2327.3795999999984,
      "p95": 3777.6831,
      "samples": [
        3777.6831,
        2327.3795999999984,
        1022.9591999999975,
        984.3475999999973,
        2665.9857999999986
      ]
    },
    "memoryGrowth": {
      "before": 9810592,
      "after": 10253200,
      "delta": 442608
    }
  }
}